{
  "features": [
    "edad",
    "sexo",
    "edu_anios",
    "hipoacusia",
    "fumador",
    "vive_solo"
  ],
  "coef": [
    -1.358273003371048,
    0.48102423820162693,
    7.489989804994653,
    -1.1364807899680887,
    -0.36170580345290027,
    0.0
  ],
  "mean": [
    62.7068145800317,
    0.7955625990491284,
    9.466902665644026,
    0.21394611727416799,
    0.11568938193343899,
    0.0
  ],
  "scale": [
    8.104973008956941,
    0.4032899081843286,
    4.729101616177615,
    0.4100892295311789,
    0.31985207337345467,
    1.0
  ],
  "intercept": 73.37083993660856,
  "isotonic_x": [
    -16.756546470788905,
    -9.397678737830063,
    -8.941195354624426,
    -8.182516993013095,
    -7.980819283368447,
    -4.802304802517412,
    -4.7058707570888885,
    -2.402917456909279,
    -2.3763337943066034,
    -2.2101119631970363,
    -2.198736947256265,
    -1.2212325126936179,
    -1.219512552125579,
    0.9724058351142872,
    0.99621333270062,
    1.0912083720396595,
    1.1116513458991335,
    1.4398111104307816,
    1.4636901253960986,
    1.802997657500029,
    1.8211855814255387,
    3.9121518418902212,
    3.9616530754539667,
    4.362731233830587,
    4.375162634672179,
    6.7857224584573,
    6.812105152618827,
    13.806276052600637,
    13.910699904074008
  ],
  "isotonic_y": [
    0.1,
    0.1,
    0.125,
    0.125,
    0.17391304347826086,
    0.17391304347826086,
    0.22580645161290322,
    0.22580645161290322,
    0.3333333333333333,
    0.3333333333333333,
    0.3404255319148936,
    0.3404255319148936,
    0.4528301886792453,
    0.4528301886792453,
    0.5,
    0.5,
    0.5454545454545454,
    0.5454545454545454,
    0.6666666666666666,
    0.6666666666666666,
    0.6805555555555556,
    0.6805555555555556,
    0.7058823529411765,
    0.7058823529411765,
    0.7282608695652174,
    0.7282608695652174,
    0.8163265306122449,
    0.8163265306122449,
    1.0
  ],
  "cut": {
    "edu_ge_12": 85.0,
    "edu_lt_12": 68.0
  },
  "threshold": 0.4528
}