{
  "features": [
    "edad",
    "edad2",
    "sexo",
    "edu_anios",
    "cqc_total",
    "adlq_pct",
    "gds_total",
    "chsc_fisica",
    "chsc_nutri",
    "chsc_social",
    "chsc_sueno",
    "chsc_mental",
    "reserva_cognitiva",
    "res_x_edad",
    "carga_cardiometabolica",
    "obesidad",
    "hipoacusia",
    "fumador",
    "vive_solo",
    "saneamiento_deficit",
    "deficit_visual"
  ],
  "coef": [
    -1.446816714535173,
    -0.5466392000383464,
    0.31543810271956435,
    4.667259883876475,
    -0.6415467668265085,
    -1.2563441427486057,
    -0.16797086069647696,
    0.0031738868827130918,
    -0.25319613042334266,
    0.0,
    -0.008107319268161835,
    0.9939938695331326,
    2.2198752929352117,
    1.2195006147011498,
    -0.029339288011730757,
    -0.008995438601892466,
    -0.37570060752852064,
    -0.1513665880041765,
    0.0,
    -0.08924064942124765,
    -0.0
  ],
  "mean": [
    62.7068145800317,
    65.77654516640254,
    0.7955625990491284,
    9.465873015873045,
    20.25475366793276,
    13.40339537061029,
    3.7846659460708425,
    2.77447609105738,
    3.40097114442925,
    2.6336920529750114,
    0.9420467672824009,
    2.2341335540901373,
    1.801693149312457e-16,
    -0.0033846003769633466,
    1.0332805071315372,
    0.47385103011093505,
    0.21394611727416799,
    0.11568938193343899,
    0.0,
    0.26782884310618066,
    0.05705229793977813
  ],
  "scale": [
    8.104973008956941,
    75.22696237556252,
    0.4032899081843286,
    4.729030998374152,
    13.974113535390696,
    10.29829609042711,
    3.0765919612163897,
    0.9888047854307878,
    0.8471725583213798,
    0.6573271849584098,
    0.23821691054752234,
    0.7495780369640034,
    2.182805279593195,
    0.9661738119307507,
    0.9063092020994835,
    0.4993157631937338,
    0.4100892295311789,
    0.31985207337345467,
    1.0,
    0.46037421131663403,
    0.2319425214133211
  ],
  "intercept": 73.37083993660856,
  "isotonic_x": [
    -14.425353185979759,
    -8.548409632174952,
    -8.519690538075338,
    -8.110109576888064,
    -8.075120474045619,
    -7.149867166413358,
    -7.08620039101578,
    -3.1240828886875533,
    -3.1198351862410334,
    0.863050068431022,
    0.8712342257508254,
    1.3002631485938139,
    1.3343594067941638,
    2.7463358108619644,
    2.7930560323843565,
    2.8958923572758124,
    2.920534397558228,
    3.513000252636999,
    3.6209163507430873,
    3.717259900353156,
    3.7190393484007274,
    4.738526245476891,
    4.742735716858334,
    8.357018312003419,
    8.394884827907092,
    11.988688248230588,
    12.092471404366414,
    23.88042249627813
  ],
  "isotonic_y": [
    0.05,
    0.05,
    0.08333333333333333,
    0.08333333333333333,
    0.125,
    0.125,
    0.21568627450980393,
    0.21568627450980393,
    0.3696969696969697,
    0.3696969696969697,
    0.5,
    0.5,
    0.5925925925925926,
    0.5925925925925926,
    0.6,
    0.6,
    0.65625,
    0.65625,
    0.75,
    0.75,
    0.78125,
    0.78125,
    0.7830188679245284,
    0.7830188679245284,
    0.8723404255319149,
    0.8723404255319149,
    1.0,
    1.0
  ],
  "isotonic_oob": "clip",
  "cut": {
    "edu_ge_12": 85.0,
    "edu_lt_12": 68.0
  },
  "threshold": 0.2157,
  "fe_means": {
    "edu": 10.516731016731017,
    "mental": 2.294589637780834,
    "social": 2.6805364511691883,
    "fisica": 2.849037138927098,
    "nutri": 3.424346629986245,
    "sueno": 0.936726272352132,
    "edad": 63.374517374517374,
    "res_sum": -0.016682478001248245
  },
  "reserva_affine": [
    0.21112442623486138,
    1.3041487319636482,
    1.4871760498940194,
    -8.828883194872445
  ],
  "rxe_affine": [
    0.05643449222027676,
    -3.5388272395751357
  ],
  "edad_center": 63.0,
  "parity_fixtures": [
    {
      "inputs": {
        "edad": 78,
        "sexo": "Mujer",
        "edu_anios": 5,
        "cqc_total": 40,
        "adlq_mean03": 1.8,
        "gds_total": 8,
        "chsc_fisica": 2.0,
        "chsc_nutri": 2.5,
        "chsc_social": 1.5,
        "chsc_sueno": 0.9,
        "chsc_mental": 1.5,
        "hipoacusia": true,
        "deficit_visual": false,
        "obesidad": true,
        "diabetes": true,
        "colesterol": false,
        "fumador": false,
        "vive_solo": true,
        "sin_cloacas": true,
        "sin_agua_red": false
      },
      "ace_estimado": 49.3,
      "prob": 1.0,
      "banda": "alto",
      "decision": "derivar"
    },
    {
      "inputs": {
        "edad": 62,
        "sexo": "Hombre",
        "edu_anios": 16,
        "cqc_total": 8,
        "adlq_mean03": 0.2,
        "gds_total": 1,
        "chsc_fisica": 3.5,
        "chsc_nutri": 3.5,
        "chsc_social": 3.5,
        "chsc_sueno": 1.6,
        "chsc_mental": 3.5,
        "hipoacusia": false,
        "deficit_visual": false,
        "obesidad": false,
        "diabetes": false,
        "colesterol": false,
        "fumador": false,
        "vive_solo": false,
        "sin_cloacas": false,
        "sin_agua_red": false
      },
      "ace_estimado": 87.5,
      "prob": 0.37,
      "banda": "alto",
      "decision": "derivar"
    }
  ]
}